# Data generated using http://www.generatedata.com/,,
Matthew,per.inceptos.hymenaeos@eu.org,1
Damon,odio.Phasellus.at@sitametnulla.org,2
Myra,et.magna@facilisiSedneque.org,3
Zeus,diam.vel@sem.ca,4
Tanek,tincidunt@posuerevulputate.org,5
Piper,lobortis.tellus@convallisligula.co.uk,6
Rowan,auctor.non.feugiat@ornareFusce.org,7
Tyrone,ac.mi@penatibusetmagnis.edu,8
Bryar,Duis@risus.ca,9
Coby,bibendum.ullamcorper.Duis@enimSuspendisse.net,10
Vernon,eu@montes.ca,11
Tallulah,elit.Curabitur.sed@utquam.edu,12
Orli,Cras.convallis.convallis@utmolestiein.co.uk,13
Jael,velit@anteiaculis.net,14
Cassidy,nisi.magna.sed@neccursus.edu,15
Uriel,nec@amifringilla.edu,16
Nomlanga,dui@sedsem.co.uk,17
Chava,eget@rhoncusProinnisl.edu,18
Xena,Sed.eu@tortorNunc.ca,19
Maxine,Nullam@pellentesque.net,20
Daquan,pharetra@acrisus.org,21
Hillary,tincidunt.congue.turpis@euaccumsan.com,22
Lars,non.feugiat@ornareFusce.edu,23
Tana,Morbi.quis.urna@ultriciesligulaNullam.edu,24
Chester,varius@dictumplacerataugue.net,25
William,mi.Duis.risus@montesnasceturridiculus.co.uk,26
Whitney,ipsum@MorbivehiculaPellentesque.net,27
Priscilla,ullamcorper.magna.Sed@ipsumprimis.co.uk,28
Lane,interdum@dui.co.uk,29
Brett,ipsum.dolor.sit@Curabitursed.ca,30
Edan,velit.justo@id.net,31
Hope,porttitor.scelerisque.neque@ultricessit.net,32
William,Fusce.diam@netus.org,33
Harriet,senectus@Duis.co.uk,34
Edan,ultrices@egestasurnajusto.ca,35
Eden,per.conubia.nostra@eget.com,36
Igor,libero@dolorquamelementum.ca,37
Iola,purus.ac@elementumsem.net,38
Unity,magna@pharetranibh.net,39
Urielle,ut.ipsum.ac@Maecenas.co.uk,40
Kevin,mollis@quismassaMauris.net,41
Odette,mauris@velitinaliquet.net,42
Blaine,parturient.montes@Fuscemilorem.ca,43
Tanya,tincidunt@est.edu,44
Zachary,dictum@tacitisociosquad.com,45
Drake,odio.a@Aliquamvulputateullamcorper.edu,46
Hamish,sit@velarcu.net,47
Vincent,nisl@molestie.ca,48
Wing,ornare.lectus.ante@faucibusutnulla.net,49
Declan,leo.Morbi@nonlobortis.co.uk,50
Francis,Quisque@In.org,51
Clinton,Aenean@Nulla.com,52
Clark,Phasellus.in@rutrum.edu,53
Roanna,justo.Praesent.luctus@variusNamporttitor.org,54
Hunter,feugiat.Lorem@nonenimMauris.edu,55
Melissa,vitae.nibh@egestasligula.org,56
Christen,quis@augueutlacus.com,57
Dominique,sed.pede@ametconsectetuer.co.uk,58
Roary,varius.Nam@vulputateullamcorpermagna.net,59
Taylor,cubilia.Curae@Pellentesque.co.uk,60
Kenyon,non.dui@sitamet.net,61
Justina,augue.ut@consectetuer.org,62
Fallon,eu@ipsumporta.com,63
Dai,tincidunt.neque@justo.net,64
Rowan,velit.Aliquam@turpis.com,65
Sandra,mollis@pedeblanditcongue.ca,66
Azalia,Quisque@lectusrutrum.edu,67
Signe,elit@Nunc.net,68
Lawrence,ac@eunequepellentesque.com,69
Demetrius,dapibus@aodiosemper.co.uk,70
Kylie,tincidunt.pede@Nuncmauris.co.uk,71
David,Sed@orciquis.edu,72
Charlotte,felis.adipiscing@Loremipsumdolor.org,73
Gabriel,aliquet@laoreetlectusquis.co.uk,74
Emerson,interdum@sapiencursusin.ca,75
Vivian,eu.eros@odioEtiam.edu,76
Bertha,nibh.Quisque.nonummy@iderat.net,77
Ralph,mauris@sapienimperdiet.org,78
Cheryl,sed.pede@NullafacilisiSed.com,79
Amir,a.purus@nequeNullam.co.uk,80
Maggy,vel@ullamcorperDuisat.co.uk,81
Kaitlin,et.lacinia@lobortis.org,82
Dane,pede@Proin.co.uk,83
Cassandra,lacus@cursusaenim.org,84
Maya,sociosqu.ad.litora@Aliquamauctor.edu,85
Mercedes,posuere.at.velit@sitamet.com,86
Felix,sagittis.augue.eu@Curae.edu,87
Kiayada,est.Mauris.eu@dolor.net,88
Aaron,natoque.penatibus@lectus.com,89
Veda,ante@adipiscingMaurismolestie.net,90
Garrett,ipsum@nequesed.net,91
Amery,enim.Sed.nulla@bibendumfermentummetus.net,92
Shea,pellentesque.massa@et.co.uk,93
Wang,nec@fringilla.ca,94
Zeph,sapien@Fusce.org,95
Brock,lobortis@accumsannequeet.com,96
Doris,neque.vitae@Namporttitor.co.uk,97
Kamal,condimentum@Integereulacus.edu,98
Brenden,tempor.lorem@dictum.ca,99
Nyssa,scelerisque.mollis@arcuVestibulumut.co.uk,100
Matthew,per.inceptos.hymenaeos@eu.org,101
Damon,odio.Phasellus.at@sitametnulla.org,102
Myra,et.magna@facilisiSedneque.org,103
Zeus,diam.vel@sem.ca,104
Tanek,tincidunt@posuerevulputate.org,105
Piper,lobortis.tellus@convallisligula.co.uk,106
Rowan,auctor.non.feugiat@ornareFusce.org,107
Tyrone,ac.mi@penatibusetmagnis.edu,108
Bryar,Duis@risus.ca,109
Coby,bibendum.ullamcorper.Duis@enimSuspendisse.net,110
Vernon,eu@montes.ca,111
Tallulah,elit.Curabitur.sed@utquam.edu,112
Orli,Cras.convallis.convallis@utmolestiein.co.uk,113
Jael,velit@anteiaculis.net,114
Cassidy,nisi.magna.sed@neccursus.edu,115
Uriel,nec@amifringilla.edu,116
Nomlanga,dui@sedsem.co.uk,117
Chava,eget@rhoncusProinnisl.edu,118
Xena,Sed.eu@tortorNunc.ca,119
Maxine,Nullam@pellentesque.net,120
Daquan,pharetra@acrisus.org,121
Hillary,tincidunt.congue.turpis@euaccumsan.com,122
Lars,non.feugiat@ornareFusce.edu,123
Tana,Morbi.quis.urna@ultriciesligulaNullam.edu,124
Chester,varius@dictumplacerataugue.net,125
William,mi.Duis.risus@montesnasceturridiculus.co.uk,126
Whitney,ipsum@MorbivehiculaPellentesque.net,127
Priscilla,ullamcorper.magna.Sed@ipsumprimis.co.uk,128
Lane,interdum@dui.co.uk,129
Brett,ipsum.dolor.sit@Curabitursed.ca,130
Edan,velit.justo@id.net,131
Hope,porttitor.scelerisque.neque@ultricessit.net,132
William,Fusce.diam@netus.org,133
Harriet,senectus@Duis.co.uk,134
Edan,ultrices@egestasurnajusto.ca,135
Eden,per.conubia.nostra@eget.com,136
Igor,libero@dolorquamelementum.ca,137
Iola,purus.ac@elementumsem.net,138
Unity,magna@pharetranibh.net,139
Urielle,ut.ipsum.ac@Maecenas.co.uk,140
Kevin,mollis@quismassaMauris.net,141
Odette,mauris@velitinaliquet.net,142
Blaine,parturient.montes@Fuscemilorem.ca,143
Tanya,tincidunt@est.edu,144
Zachary,dictum@tacitisociosquad.com,145
Drake,odio.a@Aliquamvulputateullamcorper.edu,146
Hamish,sit@velarcu.net,147
Vincent,nisl@molestie.ca,148
Wing,ornare.lectus.ante@faucibusutnulla.net,149
Declan,leo.Morbi@nonlobortis.co.uk,150
Francis,Quisque@In.org,151
Clinton,Aenean@Nulla.com,152
Clark,Phasellus.in@rutrum.edu,153
Roanna,justo.Praesent.luctus@variusNamporttitor.org,154
Hunter,feugiat.Lorem@nonenimMauris.edu,155
Melissa,vitae.nibh@egestasligula.org,156
Christen,quis@augueutlacus.com,157
Dominique,sed.pede@ametconsectetuer.co.uk,158
Roary,varius.Nam@vulputateullamcorpermagna.net,159
Taylor,cubilia.Curae@Pellentesque.co.uk,160
Kenyon,non.dui@sitamet.net,161
Justina,augue.ut@consectetuer.org,162
Fallon,eu@ipsumporta.com,163
Dai,tincidunt.neque@justo.net,164
Rowan,velit.Aliquam@turpis.com,165
Sandra,mollis@pedeblanditcongue.ca,166
Azalia,Quisque@lectusrutrum.edu,167
Signe,elit@Nunc.net,168
Lawrence,ac@eunequepellentesque.com,169
Demetrius,dapibus@aodiosemper.co.uk,170
Kylie,tincidunt.pede@Nuncmauris.co.uk,171
David,Sed@orciquis.edu,172
Charlotte,felis.adipiscing@Loremipsumdolor.org,173
Gabriel,aliquet@laoreetlectusquis.co.uk,174
Emerson,interdum@sapiencursusin.ca,175
Vivian,eu.eros@odioEtiam.edu,176
Bertha,nibh.Quisque.nonummy@iderat.net,177
Ralph,mauris@sapienimperdiet.org,178
Cheryl,sed.pede@NullafacilisiSed.com,179
Amir,a.purus@nequeNullam.co.uk,180
Maggy,vel@ullamcorperDuisat.co.uk,181
Kaitlin,et.lacinia@lobortis.org,182
Dane,pede@Proin.co.uk,183
Cassandra,lacus@cursusaenim.org,184
Maya,sociosqu.ad.litora@Aliquamauctor.edu,185
Mercedes,posuere.at.velit@sitamet.com,186
Felix,sagittis.augue.eu@Curae.edu,187
Kiayada,est.Mauris.eu@dolor.net,188
Aaron,natoque.penatibus@lectus.com,189
Veda,ante@adipiscingMaurismolestie.net,190
Garrett,ipsum@nequesed.net,191
Amery,enim.Sed.nulla@bibendumfermentummetus.net,192
Shea,pellentesque.massa@et.co.uk,193
Wang,nec@fringilla.ca,194
Zeph,sapien@Fusce.org,195
Brock,lobortis@accumsannequeet.com,196
Doris,neque.vitae@Namporttitor.co.uk,197
Kamal,condimentum@Integereulacus.edu,198
Brenden,tempor.lorem@dictum.ca,199
Nyssa,scelerisque.mollis@arcuVestibulumut.co.uk,200
Matthew,per.inceptos.hymenaeos@eu.org,201
Damon,odio.Phasellus.at@sitametnulla.org,202
Myra,et.magna@facilisiSedneque.org,203
Zeus,diam.vel@sem.ca,204
Tanek,tincidunt@posuerevulputate.org,205
Piper,lobortis.tellus@convallisligula.co.uk,206
Rowan,auctor.non.feugiat@ornareFusce.org,207
Tyrone,ac.mi@penatibusetmagnis.edu,208
Bryar,Duis@risus.ca,209
Coby,bibendum.ullamcorper.Duis@enimSuspendisse.net,210
Vernon,eu@montes.ca,211
Tallulah,elit.Curabitur.sed@utquam.edu,212
Orli,Cras.convallis.convallis@utmolestiein.co.uk,213
Jael,velit@anteiaculis.net,214
Cassidy,nisi.magna.sed@neccursus.edu,215
Uriel,nec@amifringilla.edu,216
Nomlanga,dui@sedsem.co.uk,217
Chava,eget@rhoncusProinnisl.edu,218
Xena,Sed.eu@tortorNunc.ca,219
Maxine,Nullam@pellentesque.net,220
Daquan,pharetra@acrisus.org,221
Hillary,tincidunt.congue.turpis@euaccumsan.com,222
Lars,non.feugiat@ornareFusce.edu,223
Tana,Morbi.quis.urna@ultriciesligulaNullam.edu,224
Chester,varius@dictumplacerataugue.net,225
William,mi.Duis.risus@montesnasceturridiculus.co.uk,226
Whitney,ipsum@MorbivehiculaPellentesque.net,227
Priscilla,ullamcorper.magna.Sed@ipsumprimis.co.uk,228
Lane,interdum@dui.co.uk,229
Brett,ipsum.dolor.sit@Curabitursed.ca,230
Edan,velit.justo@id.net,231
Hope,porttitor.scelerisque.neque@ultricessit.net,232
William,Fusce.diam@netus.org,233
Harriet,senectus@Duis.co.uk,234
Edan,ultrices@egestasurnajusto.ca,235
Eden,per.conubia.nostra@eget.com,236
Igor,libero@dolorquamelementum.ca,237
Iola,purus.ac@elementumsem.net,238
Unity,magna@pharetranibh.net,239
Urielle,ut.ipsum.ac@Maecenas.co.uk,240
Kevin,mollis@quismassaMauris.net,241
Odette,mauris@velitinaliquet.net,242
Blaine,parturient.montes@Fuscemilorem.ca,243
Tanya,tincidunt@est.edu,244
Zachary,dictum@tacitisociosquad.com,245
Drake,odio.a@Aliquamvulputateullamcorper.edu,246
Hamish,sit@velarcu.net,247
Vincent,nisl@molestie.ca,248
Wing,ornare.lectus.ante@faucibusutnulla.net,249
Declan,leo.Morbi@nonlobortis.co.uk,250
Francis,Quisque@In.org,251
Clinton,Aenean@Nulla.com,252
Clark,Phasellus.in@rutrum.edu,253
Roanna,justo.Praesent.luctus@variusNamporttitor.org,254
Hunter,feugiat.Lorem@nonenimMauris.edu,255
Melissa,vitae.nibh@egestasligula.org,256
Christen,quis@augueutlacus.com,257
Dominique,sed.pede@ametconsectetuer.co.uk,258
Roary,varius.Nam@vulputateullamcorpermagna.net,259
Taylor,cubilia.Curae@Pellentesque.co.uk,260
Kenyon,non.dui@sitamet.net,261
Justina,augue.ut@consectetuer.org,262
Fallon,eu@ipsumporta.com,263
Dai,tincidunt.neque@justo.net,264
Rowan,velit.Aliquam@turpis.com,265
Sandra,mollis@pedeblanditcongue.ca,266
Azalia,Quisque@lectusrutrum.edu,267
Signe,elit@Nunc.net,268
Lawrence,ac@eunequepellentesque.com,269
Demetrius,dapibus@aodiosemper.co.uk,270
Kylie,tincidunt.pede@Nuncmauris.co.uk,271
David,Sed@orciquis.edu,272
Charlotte,felis.adipiscing@Loremipsumdolor.org,273
Gabriel,aliquet@laoreetlectusquis.co.uk,274
Emerson,interdum@sapiencursusin.ca,275
Vivian,eu.eros@odioEtiam.edu,276
Bertha,nibh.Quisque.nonummy@iderat.net,277
Ralph,mauris@sapienimperdiet.org,278
Cheryl,sed.pede@NullafacilisiSed.com,279
Amir,a.purus@nequeNullam.co.uk,280
Maggy,vel@ullamcorperDuisat.co.uk,281
Kaitlin,et.lacinia@lobortis.org,282
Dane,pede@Proin.co.uk,283
Cassandra,lacus@cursusaenim.org,284
Maya,sociosqu.ad.litora@Aliquamauctor.edu,285
Mercedes,posuere.at.velit@sitamet.com,286
Felix,sagittis.augue.eu@Curae.edu,287
Kiayada,est.Mauris.eu@dolor.net,288
Aaron,natoque.penatibus@lectus.com,289
Veda,ante@adipiscingMaurismolestie.net,290
Garrett,ipsum@nequesed.net,291
Amery,enim.Sed.nulla@bibendumfermentummetus.net,292
Shea,pellentesque.massa@et.co.uk,293
Wang,nec@fringilla.ca,294
Zeph,sapien@Fusce.org,295
Brock,lobortis@accumsannequeet.com,296
Doris,neque.vitae@Namporttitor.co.uk,297
Kamal,condimentum@Integereulacus.edu,298
Brenden,tempor.lorem@dictum.ca,299
Nyssa,scelerisque.mollis@arcuVestibulumut.co.uk,300
Matthew,per.inceptos.hymenaeos@eu.org,301
Damon,odio.Phasellus.at@sitametnulla.org,302
Myra,et.magna@facilisiSedneque.org,303
Zeus,diam.vel@sem.ca,304
Tanek,tincidunt@posuerevulputate.org,305
Piper,lobortis.tellus@convallisligula.co.uk,306
Rowan,auctor.non.feugiat@ornareFusce.org,307
Tyrone,ac.mi@penatibusetmagnis.edu,308
Bryar,Duis@risus.ca,309
Coby,bibendum.ullamcorper.Duis@enimSuspendisse.net,310
Vernon,eu@montes.ca,311
Tallulah,elit.Curabitur.sed@utquam.edu,312
Orli,Cras.convallis.convallis@utmolestiein.co.uk,313
Jael,velit@anteiaculis.net,314
Cassidy,nisi.magna.sed@neccursus.edu,315
Uriel,nec@amifringilla.edu,316
Nomlanga,dui@sedsem.co.uk,317
Chava,eget@rhoncusProinnisl.edu,318
Xena,Sed.eu@tortorNunc.ca,319
Maxine,Nullam@pellentesque.net,320
Daquan,pharetra@acrisus.org,321
Hillary,tincidunt.congue.turpis@euaccumsan.com,322
Lars,non.feugiat@ornareFusce.edu,323
Tana,Morbi.quis.urna@ultriciesligulaNullam.edu,324
Chester,varius@dictumplacerataugue.net,325
William,mi.Duis.risus@montesnasceturridiculus.co.uk,326
Whitney,ipsum@MorbivehiculaPellentesque.net,327
Priscilla,ullamcorper.magna.Sed@ipsumprimis.co.uk,328
Lane,interdum@dui.co.uk,329
Brett,ipsum.dolor.sit@Curabitursed.ca,330
Edan,velit.justo@id.net,331
Hope,porttitor.scelerisque.neque@ultricessit.net,332
William,Fusce.diam@netus.org,333
Harriet,senectus@Duis.co.uk,334
Edan,ultrices@egestasurnajusto.ca,335
Eden,per.conubia.nostra@eget.com,336
Igor,libero@dolorquamelementum.ca,337
Iola,purus.ac@elementumsem.net,338
Unity,magna@pharetranibh.net,339
Urielle,ut.ipsum.ac@Maecenas.co.uk,340
Kevin,mollis@quismassaMauris.net,341
Odette,mauris@velitinaliquet.net,342
Blaine,parturient.montes@Fuscemilorem.ca,343
Tanya,tincidunt@est.edu,344
Zachary,dictum@tacitisociosquad.com,345
Drake,odio.a@Aliquamvulputateullamcorper.edu,346
Hamish,sit@velarcu.net,347
Vincent,nisl@molestie.ca,348
Wing,ornare.lectus.ante@faucibusutnulla.net,349
Declan,leo.Morbi@nonlobortis.co.uk,350
Francis,Quisque@In.org,351
Clinton,Aenean@Nulla.com,352
Clark,Phasellus.in@rutrum.edu,353
Roanna,justo.Praesent.luctus@variusNamporttitor.org,354
Hunter,feugiat.Lorem@nonenimMauris.edu,355
Melissa,vitae.nibh@egestasligula.org,356
Christen,quis@augueutlacus.com,357
Dominique,sed.pede@ametconsectetuer.co.uk,358
Roary,varius.Nam@vulputateullamcorpermagna.net,359
Taylor,cubilia.Curae@Pellentesque.co.uk,360
Kenyon,non.dui@sitamet.net,361
Justina,augue.ut@consectetuer.org,362
Fallon,eu@ipsumporta.com,363
Dai,tincidunt.neque@justo.net,364
Rowan,velit.Aliquam@turpis.com,365
Sandra,mollis@pedeblanditcongue.ca,366
Azalia,Quisque@lectusrutrum.edu,367
Signe,elit@Nunc.net,368
Lawrence,ac@eunequepellentesque.com,369
Demetrius,dapibus@aodiosemper.co.uk,370
Kylie,tincidunt.pede@Nuncmauris.co.uk,371
David,Sed@orciquis.edu,372
Charlotte,felis.adipiscing@Loremipsumdolor.org,373
Gabriel,aliquet@laoreetlectusquis.co.uk,374
Emerson,interdum@sapiencursusin.ca,375
Vivian,eu.eros@odioEtiam.edu,376
Bertha,nibh.Quisque.nonummy@iderat.net,377
Ralph,mauris@sapienimperdiet.org,378
Cheryl,sed.pede@NullafacilisiSed.com,379
Amir,a.purus@nequeNullam.co.uk,380
Maggy,vel@ullamcorperDuisat.co.uk,381
Kaitlin,et.lacinia@lobortis.org,382
Dane,pede@Proin.co.uk,383
Cassandra,lacus@cursusaenim.org,384
Maya,sociosqu.ad.litora@Aliquamauctor.edu,385
Mercedes,posuere.at.velit@sitamet.com,386
Felix,sagittis.augue.eu@Curae.edu,387
Kiayada,est.Mauris.eu@dolor.net,388
Aaron,natoque.penatibus@lectus.com,389
Veda,ante@adipiscingMaurismolestie.net,390
Garrett,ipsum@nequesed.net,391
Amery,enim.Sed.nulla@bibendumfermentummetus.net,392
Shea,pellentesque.massa@et.co.uk,393
Wang,nec@fringilla.ca,394
Zeph,sapien@Fusce.org,395
Brock,lobortis@accumsannequeet.com,396
Doris,neque.vitae@Namporttitor.co.uk,397
Kamal,condimentum@Integereulacus.edu,398
Brenden,tempor.lorem@dictum.ca,399
Nyssa,scelerisque.mollis@arcuVestibulumut.co.uk,400
Matthew,per.inceptos.hymenaeos@eu.org,401
Damon,odio.Phasellus.at@sitametnulla.org,402
Myra,et.magna@facilisiSedneque.org,403
Zeus,diam.vel@sem.ca,404
Tanek,tincidunt@posuerevulputate.org,405
Piper,lobortis.tellus@convallisligula.co.uk,406
Rowan,auctor.non.feugiat@ornareFusce.org,407
Tyrone,ac.mi@penatibusetmagnis.edu,408
Bryar,Duis@risus.ca,409
Coby,bibendum.ullamcorper.Duis@enimSuspendisse.net,410
Vernon,eu@montes.ca,411
Tallulah,elit.Curabitur.sed@utquam.edu,412
Orli,Cras.convallis.convallis@utmolestiein.co.uk,413
Jael,velit@anteiaculis.net,414
Cassidy,nisi.magna.sed@neccursus.edu,415
Uriel,nec@amifringilla.edu,416
Nomlanga,dui@sedsem.co.uk,417
Chava,eget@rhoncusProinnisl.edu,418
Xena,Sed.eu@tortorNunc.ca,419
Maxine,Nullam@pellentesque.net,420
Daquan,pharetra@acrisus.org,421
Hillary,tincidunt.congue.turpis@euaccumsan.com,422
Lars,non.feugiat@ornareFusce.edu,423
Tana,Morbi.quis.urna@ultriciesligulaNullam.edu,424
Chester,varius@dictumplacerataugue.net,425
William,mi.Duis.risus@montesnasceturridiculus.co.uk,426
Whitney,ipsum@MorbivehiculaPellentesque.net,427
Priscilla,ullamcorper.magna.Sed@ipsumprimis.co.uk,428
Lane,interdum@dui.co.uk,429
Brett,ipsum.dolor.sit@Curabitursed.ca,430
Edan,velit.justo@id.net,431
Hope,porttitor.scelerisque.neque@ultricessit.net,432
William,Fusce.diam@netus.org,433
Harriet,senectus@Duis.co.uk,434
Edan,ultrices@egestasurnajusto.ca,435
Eden,per.conubia.nostra@eget.com,436
Igor,libero@dolorquamelementum.ca,437
Iola,purus.ac@elementumsem.net,438
Unity,magna@pharetranibh.net,439
Urielle,ut.ipsum.ac@Maecenas.co.uk,440
Kevin,mollis@quismassaMauris.net,441
Odette,mauris@velitinaliquet.net,442
Blaine,parturient.montes@Fuscemilorem.ca,443
Tanya,tincidunt@est.edu,444
Zachary,dictum@tacitisociosquad.com,445
Drake,odio.a@Aliquamvulputateullamcorper.edu,446
Hamish,sit@velarcu.net,447
Vincent,nisl@molestie.ca,448
Wing,ornare.lectus.ante@faucibusutnulla.net,449
Declan,leo.Morbi@nonlobortis.co.uk,450
Francis,Quisque@In.org,451
Clinton,Aenean@Nulla.com,452
Clark,Phasellus.in@rutrum.edu,453
Roanna,justo.Praesent.luctus@variusNamporttitor.org,454
Hunter,feugiat.Lorem@nonenimMauris.edu,455
Melissa,vitae.nibh@egestasligula.org,456
Christen,quis@augueutlacus.com,457
Dominique,sed.pede@ametconsectetuer.co.uk,458
Roary,varius.Nam@vulputateullamcorpermagna.net,459
Taylor,cubilia.Curae@Pellentesque.co.uk,460
Kenyon,non.dui@sitamet.net,461
Justina,augue.ut@consectetuer.org,462
Fallon,eu@ipsumporta.com,463
Dai,tincidunt.neque@justo.net,464
Rowan,velit.Aliquam@turpis.com,465
Sandra,mollis@pedeblanditcongue.ca,466
Azalia,Quisque@lectusrutrum.edu,467
Signe,elit@Nunc.net,468
Lawrence,ac@eunequepellentesque.com,469
Demetrius,dapibus@aodiosemper.co.uk,470
Kylie,tincidunt.pede@Nuncmauris.co.uk,471
David,Sed@orciquis.edu,472
Charlotte,felis.adipiscing@Loremipsumdolor.org,473
Gabriel,aliquet@laoreetlectusquis.co.uk,474
Emerson,interdum@sapiencursusin.ca,475
Vivian,eu.eros@odioEtiam.edu,476
Bertha,nibh.Quisque.nonummy@iderat.net,477
Ralph,mauris@sapienimperdiet.org,478
Cheryl,sed.pede@NullafacilisiSed.com,479
Amir,a.purus@nequeNullam.co.uk,480
Maggy,vel@ullamcorperDuisat.co.uk,481
Kaitlin,et.lacinia@lobortis.org,482
Dane,pede@Proin.co.uk,483
Cassandra,lacus@cursusaenim.org,484
Maya,sociosqu.ad.litora@Aliquamauctor.edu,485
Mercedes,posuere.at.velit@sitamet.com,486
Felix,sagittis.augue.eu@Curae.edu,487
Kiayada,est.Mauris.eu@dolor.net,488
Aaron,natoque.penatibus@lectus.com,489
Veda,ante@adipiscingMaurismolestie.net,490
Garrett,ipsum@nequesed.net,491
Amery,enim.Sed.nulla@bibendumfermentummetus.net,492
Shea,pellentesque.massa@et.co.uk,493
Wang,nec@fringilla.ca,494
Zeph,sapien@Fusce.org,495
Brock,lobortis@accumsannequeet.com,496
Doris,neque.vitae@Namporttitor.co.uk,497
Kamal,condimentum@Integereulacus.edu,498
Brenden,tempor.lorem@dictum.ca,499
Nyssa,scelerisque.mollis@arcuVestibulumut.co.uk,500
Matthew,per.inceptos.hymenaeos@eu.org,501
Damon,odio.Phasellus.at@sitametnulla.org,502
Myra,et.magna@facilisiSedneque.org,503
Zeus,diam.vel@sem.ca,504
Tanek,tincidunt@posuerevulputate.org,505
Piper,lobortis.tellus@convallisligula.co.uk,506
Rowan,auctor.non.feugiat@ornareFusce.org,507
Tyrone,ac.mi@penatibusetmagnis.edu,508
Bryar,Duis@risus.ca,509
Coby,bibendum.ullamcorper.Duis@enimSuspendisse.net,510
Vernon,eu@montes.ca,511
Tallulah,elit.Curabitur.sed@utquam.edu,512
Orli,Cras.convallis.convallis@utmolestiein.co.uk,513
Jael,velit@anteiaculis.net,514
Cassidy,nisi.magna.sed@neccursus.edu,515
Uriel,nec@amifringilla.edu,516
Nomlanga,dui@sedsem.co.uk,517
Chava,eget@rhoncusProinnisl.edu,518
Xena,Sed.eu@tortorNunc.ca,519
Maxine,Nullam@pellentesque.net,520
Daquan,pharetra@acrisus.org,521
Hillary,tincidunt.congue.turpis@euaccumsan.com,522
Lars,non.feugiat@ornareFusce.edu,523
Tana,Morbi.quis.urna@ultriciesligulaNullam.edu,524
Chester,varius@dictumplacerataugue.net,525
William,mi.Duis.risus@montesnasceturridiculus.co.uk,526
Whitney,ipsum@MorbivehiculaPellentesque.net,527
Priscilla,ullamcorper.magna.Sed@ipsumprimis.co.uk,528
Lane,interdum@dui.co.uk,529
Brett,ipsum.dolor.sit@Curabitursed.ca,530
Edan,velit.justo@id.net,531
Hope,porttitor.scelerisque.neque@ultricessit.net,532
William,Fusce.diam@netus.org,533
Harriet,senectus@Duis.co.uk,534
Edan,ultrices@egestasurnajusto.ca,535
Eden,per.conubia.nostra@eget.com,536
Igor,libero@dolorquamelementum.ca,537
Iola,purus.ac@elementumsem.net,538
Unity,magna@pharetranibh.net,539
Urielle,ut.ipsum.ac@Maecenas.co.uk,540
Kevin,mollis@quismassaMauris.net,541
Odette,mauris@velitinaliquet.net,542
Blaine,parturient.montes@Fuscemilorem.ca,543
Tanya,tincidunt@est.edu,544
Zachary,dictum@tacitisociosquad.com,545
Drake,odio.a@Aliquamvulputateullamcorper.edu,546
Hamish,sit@velarcu.net,547
Vincent,nisl@molestie.ca,548
Wing,ornare.lectus.ante@faucibusutnulla.net,549
Declan,leo.Morbi@nonlobortis.co.uk,550
Francis,Quisque@In.org,551
Clinton,Aenean@Nulla.com,552
Clark,Phasellus.in@rutrum.edu,553
Roanna,justo.Praesent.luctus@variusNamporttitor.org,554
Hunter,feugiat.Lorem@nonenimMauris.edu,555
Melissa,vitae.nibh@egestasligula.org,556
Christen,quis@augueutlacus.com,557
Dominique,sed.pede@ametconsectetuer.co.uk,558
Roary,varius.Nam@vulputateullamcorpermagna.net,559
Taylor,cubilia.Curae@Pellentesque.co.uk,560
Kenyon,non.dui@sitamet.net,561
Justina,augue.ut@consectetuer.org,562
Fallon,eu@ipsumporta.com,563
Dai,tincidunt.neque@justo.net,564
Rowan,velit.Aliquam@turpis.com,565
Sandra,mollis@pedeblanditcongue.ca,566
Azalia,Quisque@lectusrutrum.edu,567
Signe,elit@Nunc.net,568
Lawrence,ac@eunequepellentesque.com,569
Demetrius,dapibus@aodiosemper.co.uk,570
Kylie,tincidunt.pede@Nuncmauris.co.uk,571
David,Sed@orciquis.edu,572
Charlotte,felis.adipiscing@Loremipsumdolor.org,573
Gabriel,aliquet@laoreetlectusquis.co.uk,574
Emerson,interdum@sapiencursusin.ca,575
Vivian,eu.eros@odioEtiam.edu,576
Bertha,nibh.Quisque.nonummy@iderat.net,577
Ralph,mauris@sapienimperdiet.org,578
Cheryl,sed.pede@NullafacilisiSed.com,579
Amir,a.purus@nequeNullam.co.uk,580
Maggy,vel@ullamcorperDuisat.co.uk,581
Kaitlin,et.lacinia@lobortis.org,582
Dane,pede@Proin.co.uk,583
Cassandra,lacus@cursusaenim.org,584
Maya,sociosqu.ad.litora@Aliquamauctor.edu,585
Mercedes,posuere.at.velit@sitamet.com,586
Felix,sagittis.augue.eu@Curae.edu,587
Kiayada,est.Mauris.eu@dolor.net,588
Aaron,natoque.penatibus@lectus.com,589
Veda,ante@adipiscingMaurismolestie.net,590
Garrett,ipsum@nequesed.net,591
Amery,enim.Sed.nulla@bibendumfermentummetus.net,592
Shea,pellentesque.massa@et.co.uk,593
Wang,nec@fringilla.ca,594
Zeph,sapien@Fusce.org,595
Brock,lobortis@accumsannequeet.com,596
Doris,neque.vitae@Namporttitor.co.uk,597
Kamal,condimentum@Integereulacus.edu,598
Brenden,tempor.lorem@dictum.ca,599
Nyssa,scelerisque.mollis@arcuVestibulumut.co.uk,600
Matthew,per.inceptos.hymenaeos@eu.org,601
Damon,odio.Phasellus.at@sitametnulla.org,602
Myra,et.magna@facilisiSedneque.org,603
Zeus,diam.vel@sem.ca,604
Tanek,tincidunt@posuerevulputate.org,605
Piper,lobortis.tellus@convallisligula.co.uk,606
Rowan,auctor.non.feugiat@ornareFusce.org,607
Tyrone,ac.mi@penatibusetmagnis.edu,608
Bryar,Duis@risus.ca,609
Coby,bibendum.ullamcorper.Duis@enimSuspendisse.net,610
Vernon,eu@montes.ca,611
Tallulah,elit.Curabitur.sed@utquam.edu,612
Orli,Cras.convallis.convallis@utmolestiein.co.uk,613
Jael,velit@anteiaculis.net,614
Cassidy,nisi.magna.sed@neccursus.edu,615
Uriel,nec@amifringilla.edu,616
Nomlanga,dui@sedsem.co.uk,617
Chava,eget@rhoncusProinnisl.edu,618
Xena,Sed.eu@tortorNunc.ca,619
Maxine,Nullam@pellentesque.net,620
Daquan,pharetra@acrisus.org,621
Hillary,tincidunt.congue.turpis@euaccumsan.com,622
Lars,non.feugiat@ornareFusce.edu,623
Tana,Morbi.quis.urna@ultriciesligulaNullam.edu,624
Chester,varius@dictumplacerataugue.net,625
William,mi.Duis.risus@montesnasceturridiculus.co.uk,626
Whitney,ipsum@MorbivehiculaPellentesque.net,627
Priscilla,ullamcorper.magna.Sed@ipsumprimis.co.uk,628
Lane,interdum@dui.co.uk,629
Brett,ipsum.dolor.sit@Curabitursed.ca,630
Edan,velit.justo@id.net,631
Hope,porttitor.scelerisque.neque@ultricessit.net,632
William,Fusce.diam@netus.org,633
Harriet,senectus@Duis.co.uk,634
Edan,ultrices@egestasurnajusto.ca,635
Eden,per.conubia.nostra@eget.com,636
Igor,libero@dolorquamelementum.ca,637
Iola,purus.ac@elementumsem.net,638
Unity,magna@pharetranibh.net,639
Urielle,ut.ipsum.ac@Maecenas.co.uk,640
Kevin,mollis@quismassaMauris.net,641
Odette,mauris@velitinaliquet.net,642
Blaine,parturient.montes@Fuscemilorem.ca,643
Tanya,tincidunt@est.edu,644
Zachary,dictum@tacitisociosquad.com,645
Drake,odio.a@Aliquamvulputateullamcorper.edu,646
Hamish,sit@velarcu.net,647
Vincent,nisl@molestie.ca,648
Wing,ornare.lectus.ante@faucibusutnulla.net,649
Declan,leo.Morbi@nonlobortis.co.uk,650
Francis,Quisque@In.org,651
Clinton,Aenean@Nulla.com,652
Clark,Phasellus.in@rutrum.edu,653
Roanna,justo.Praesent.luctus@variusNamporttitor.org,654
Hunter,feugiat.Lorem@nonenimMauris.edu,655
Melissa,vitae.nibh@egestasligula.org,656
Christen,quis@augueutlacus.com,657
Dominique,sed.pede@ametconsectetuer.co.uk,658
Roary,varius.Nam@vulputateullamcorpermagna.net,659
Taylor,cubilia.Curae@Pellentesque.co.uk,660
Kenyon,non.dui@sitamet.net,661
Justina,augue.ut@consectetuer.org,662
Fallon,eu@ipsumporta.com,663
Dai,tincidunt.neque@justo.net,664
Rowan,velit.Aliquam@turpis.com,665
Sandra,mollis@pedeblanditcongue.ca,666
Azalia,Quisque@lectusrutrum.edu,667
Signe,elit@Nunc.net,668
Lawrence,ac@eunequepellentesque.com,669
Demetrius,dapibus@aodiosemper.co.uk,670
Kylie,tincidunt.pede@Nuncmauris.co.uk,671
David,Sed@orciquis.edu,672
Charlotte,felis.adipiscing@Loremipsumdolor.org,673
Gabriel,aliquet@laoreetlectusquis.co.uk,674
Emerson,interdum@sapiencursusin.ca,675
Vivian,eu.eros@odioEtiam.edu,676
Bertha,nibh.Quisque.nonummy@iderat.net,677
Ralph,mauris@sapienimperdiet.org,678
Cheryl,sed.pede@NullafacilisiSed.com,679
Amir,a.purus@nequeNullam.co.uk,680
Maggy,vel@ullamcorperDuisat.co.uk,681
Kaitlin,et.lacinia@lobortis.org,682
Dane,pede@Proin.co.uk,683
Cassandra,lacus@cursusaenim.org,684
Maya,sociosqu.ad.litora@Aliquamauctor.edu,685
Mercedes,posuere.at.velit@sitamet.com,686
Felix,sagittis.augue.eu@Curae.edu,687
Kiayada,est.Mauris.eu@dolor.net,688
Aaron,natoque.penatibus@lectus.com,689
Veda,ante@adipiscingMaurismolestie.net,690
Garrett,ipsum@nequesed.net,691
Amery,enim.Sed.nulla@bibendumfermentummetus.net,692
Shea,pellentesque.massa@et.co.uk,693
Wang,nec@fringilla.ca,694
Zeph,sapien@Fusce.org,695
Brock,lobortis@accumsannequeet.com,696
Doris,neque.vitae@Namporttitor.co.uk,697
Kamal,condimentum@Integereulacus.edu,698
Brenden,tempor.lorem@dictum.ca,699
Nyssa,scelerisque.mollis@arcuVestibulumut.co.uk,700
Matthew,per.inceptos.hymenaeos@eu.org,701
Damon,odio.Phasellus.at@sitametnulla.org,702
Myra,et.magna@facilisiSedneque.org,703
Zeus,diam.vel@sem.ca,704
Tanek,tincidunt@posuerevulputate.org,705
Piper,lobortis.tellus@convallisligula.co.uk,706
Rowan,auctor.non.feugiat@ornareFusce.org,707
Tyrone,ac.mi@penatibusetmagnis.edu,708
Bryar,Duis@risus.ca,709
Coby,bibendum.ullamcorper.Duis@enimSuspendisse.net,710
Vernon,eu@montes.ca,711
Tallulah,elit.Curabitur.sed@utquam.edu,712
Orli,Cras.convallis.convallis@utmolestiein.co.uk,713
Jael,velit@anteiaculis.net,714
Cassidy,nisi.magna.sed@neccursus.edu,715
Uriel,nec@amifringilla.edu,716
Nomlanga,dui@sedsem.co.uk,717
Chava,eget@rhoncusProinnisl.edu,718
Xena,Sed.eu@tortorNunc.ca,719
Maxine,Nullam@pellentesque.net,720
Daquan,pharetra@acrisus.org,721
Hillary,tincidunt.congue.turpis@euaccumsan.com,722
Lars,non.feugiat@ornareFusce.edu,723
Tana,Morbi.quis.urna@ultriciesligulaNullam.edu,724
Chester,varius@dictumplacerataugue.net,725
William,mi.Duis.risus@montesnasceturridiculus.co.uk,726
Whitney,ipsum@MorbivehiculaPellentesque.net,727
Priscilla,ullamcorper.magna.Sed@ipsumprimis.co.uk,728
Lane,interdum@dui.co.uk,729
Brett,ipsum.dolor.sit@Curabitursed.ca,730
Edan,velit.justo@id.net,731
Hope,porttitor.scelerisque.neque@ultricessit.net,732
William,Fusce.diam@netus.org,733
Harriet,senectus@Duis.co.uk,734
Edan,ultrices@egestasurnajusto.ca,735
Eden,per.conubia.nostra@eget.com,736
Igor,libero@dolorquamelementum.ca,737
Iola,purus.ac@elementumsem.net,738
Unity,magna@pharetranibh.net,739
Urielle,ut.ipsum.ac@Maecenas.co.uk,740
Kevin,mollis@quismassaMauris.net,741
Odette,mauris@velitinaliquet.net,742
Blaine,parturient.montes@Fuscemilorem.ca,743
Tanya,tincidunt@est.edu,744
Zachary,dictum@tacitisociosquad.com,745
Drake,odio.a@Aliquamvulputateullamcorper.edu,746
Hamish,sit@velarcu.net,747
Vincent,nisl@molestie.ca,748
Wing,ornare.lectus.ante@faucibusutnulla.net,749
Declan,leo.Morbi@nonlobortis.co.uk,750
Francis,Quisque@In.org,751
Clinton,Aenean@Nulla.com,752
Clark,Phasellus.in@rutrum.edu,753
Roanna,justo.Praesent.luctus@variusNamporttitor.org,754
Hunter,feugiat.Lorem@nonenimMauris.edu,755
Melissa,vitae.nibh@egestasligula.org,756
Christen,quis@augueutlacus.com,757
Dominique,sed.pede@ametconsectetuer.co.uk,758
Roary,varius.Nam@vulputateullamcorpermagna.net,759
Taylor,cubilia.Curae@Pellentesque.co.uk,760
Kenyon,non.dui@sitamet.net,761
Justina,augue.ut@consectetuer.org,762
Fallon,eu@ipsumporta.com,763
Dai,tincidunt.neque@justo.net,764
Rowan,velit.Aliquam@turpis.com,765
Sandra,mollis@pedeblanditcongue.ca,766
Azalia,Quisque@lectusrutrum.edu,767
Signe,elit@Nunc.net,768
Lawrence,ac@eunequepellentesque.com,769
Demetrius,dapibus@aodiosemper.co.uk,770
Kylie,tincidunt.pede@Nuncmauris.co.uk,771
David,Sed@orciquis.edu,772
Charlotte,felis.adipiscing@Loremipsumdolor.org,773
Gabriel,aliquet@laoreetlectusquis.co.uk,774
Emerson,interdum@sapiencursusin.ca,775
Vivian,eu.eros@odioEtiam.edu,776
Bertha,nibh.Quisque.nonummy@iderat.net,777
Ralph,mauris@sapienimperdiet.org,778
Cheryl,sed.pede@NullafacilisiSed.com,779
Amir,a.purus@nequeNullam.co.uk,780
Maggy,vel@ullamcorperDuisat.co.uk,781
Kaitlin,et.lacinia@lobortis.org,782
Dane,pede@Proin.co.uk,783
Cassandra,lacus@cursusaenim.org,784
Maya,sociosqu.ad.litora@Aliquamauctor.edu,785
Mercedes,posuere.at.velit@sitamet.com,786
Felix,sagittis.augue.eu@Curae.edu,787
Kiayada,est.Mauris.eu@dolor.net,788
Aaron,natoque.penatibus@lectus.com,789
Veda,ante@adipiscingMaurismolestie.net,790
Garrett,ipsum@nequesed.net,791
Amery,enim.Sed.nulla@bibendumfermentummetus.net,792
Shea,pellentesque.massa@et.co.uk,793
Wang,nec@fringilla.ca,794
Zeph,sapien@Fusce.org,795
Brock,lobortis@accumsannequeet.com,796
Doris,neque.vitae@Namporttitor.co.uk,797
Kamal,condimentum@Integereulacus.edu,798
Brenden,tempor.lorem@dictum.ca,799
Nyssa,scelerisque.mollis@arcuVestibulumut.co.uk,800
Matthew,per.inceptos.hymenaeos@eu.org,801
Damon,odio.Phasellus.at@sitametnulla.org,802
Myra,et.magna@facilisiSedneque.org,803
Zeus,diam.vel@sem.ca,804
Tanek,tincidunt@posuerevulputate.org,805
Piper,lobortis.tellus@convallisligula.co.uk,806
Rowan,auctor.non.feugiat@ornareFusce.org,807
Tyrone,ac.mi@penatibusetmagnis.edu,808
Bryar,Duis@risus.ca,809
Coby,bibendum.ullamcorper.Duis@enimSuspendisse.net,810
Vernon,eu@montes.ca,811
Tallulah,elit.Curabitur.sed@utquam.edu,812
Orli,Cras.convallis.convallis@utmolestiein.co.uk,813
Jael,velit@anteiaculis.net,814
Cassidy,nisi.magna.sed@neccursus.edu,815
Uriel,nec@amifringilla.edu,816
Nomlanga,dui@sedsem.co.uk,817
Chava,eget@rhoncusProinnisl.edu,818
Xena,Sed.eu@tortorNunc.ca,819
Maxine,Nullam@pellentesque.net,820
Daquan,pharetra@acrisus.org,821
Hillary,tincidunt.congue.turpis@euaccumsan.com,822
Lars,non.feugiat@ornareFusce.edu,823
Tana,Morbi.quis.urna@ultriciesligulaNullam.edu,824
Chester,varius@dictumplacerataugue.net,825
William,mi.Duis.risus@montesnasceturridiculus.co.uk,826
Whitney,ipsum@MorbivehiculaPellentesque.net,827
Priscilla,ullamcorper.magna.Sed@ipsumprimis.co.uk,828
Lane,interdum@dui.co.uk,829
Brett,ipsum.dolor.sit@Curabitursed.ca,830
Edan,velit.justo@id.net,831
Hope,porttitor.scelerisque.neque@ultricessit.net,832
William,Fusce.diam@netus.org,833
Harriet,senectus@Duis.co.uk,834
Edan,ultrices@egestasurnajusto.ca,835
Eden,per.conubia.nostra@eget.com,836
Igor,libero@dolorquamelementum.ca,837
Iola,purus.ac@elementumsem.net,838
Unity,magna@pharetranibh.net,839
Urielle,ut.ipsum.ac@Maecenas.co.uk,840
Kevin,mollis@quismassaMauris.net,841
Odette,mauris@velitinaliquet.net,842
Blaine,parturient.montes@Fuscemilorem.ca,843
Tanya,tincidunt@est.edu,844
Zachary,dictum@tacitisociosquad.com,845
Drake,odio.a@Aliquamvulputateullamcorper.edu,846
Hamish,sit@velarcu.net,847
Vincent,nisl@molestie.ca,848
Wing,ornare.lectus.ante@faucibusutnulla.net,849
Declan,leo.Morbi@nonlobortis.co.uk,850
Francis,Quisque@In.org,851
Clinton,Aenean@Nulla.com,852
Clark,Phasellus.in@rutrum.edu,853
Roanna,justo.Praesent.luctus@variusNamporttitor.org,854
Hunter,feugiat.Lorem@nonenimMauris.edu,855
Melissa,vitae.nibh@egestasligula.org,856
Christen,quis@augueutlacus.com,857
Dominique,sed.pede@ametconsectetuer.co.uk,858
Roary,varius.Nam@vulputateullamcorpermagna.net,859
Taylor,cubilia.Curae@Pellentesque.co.uk,860
Kenyon,non.dui@sitamet.net,861
Justina,augue.ut@consectetuer.org,862
Fallon,eu@ipsumporta.com,863
Dai,tincidunt.neque@justo.net,864
Rowan,velit.Aliquam@turpis.com,865
Sandra,mollis@pedeblanditcongue.ca,866
Azalia,Quisque@lectusrutrum.edu,867
Signe,elit@Nunc.net,868
Lawrence,ac@eunequepellentesque.com,869
Demetrius,dapibus@aodiosemper.co.uk,870
Kylie,tincidunt.pede@Nuncmauris.co.uk,871
David,Sed@orciquis.edu,872
Charlotte,felis.adipiscing@Loremipsumdolor.org,873
Gabriel,aliquet@laoreetlectusquis.co.uk,874
Emerson,interdum@sapiencursusin.ca,875
Vivian,eu.eros@odioEtiam.edu,876
Bertha,nibh.Quisque.nonummy@iderat.net,877
Ralph,mauris@sapienimperdiet.org,878
Cheryl,sed.pede@NullafacilisiSed.com,879
Amir,a.purus@nequeNullam.co.uk,880
Maggy,vel@ullamcorperDuisat.co.uk,881
Kaitlin,et.lacinia@lobortis.org,882
Dane,pede@Proin.co.uk,883
Cassandra,lacus@cursusaenim.org,884
Maya,sociosqu.ad.litora@Aliquamauctor.edu,885
Mercedes,posuere.at.velit@sitamet.com,886
Felix,sagittis.augue.eu@Curae.edu,887
Kiayada,est.Mauris.eu@dolor.net,888
Aaron,natoque.penatibus@lectus.com,889
Veda,ante@adipiscingMaurismolestie.net,890
Garrett,ipsum@nequesed.net,891
Amery,enim.Sed.nulla@bibendumfermentummetus.net,892
Shea,pellentesque.massa@et.co.uk,893
Wang,nec@fringilla.ca,894
Zeph,sapien@Fusce.org,895
Brock,lobortis@accumsannequeet.com,896
Doris,neque.vitae@Namporttitor.co.uk,897
Kamal,condimentum@Integereulacus.edu,898
Brenden,tempor.lorem@dictum.ca,899
Nyssa,scelerisque.mollis@arcuVestibulumut.co.uk,900
Matthew,per.inceptos.hymenaeos@eu.org,901
Damon,odio.Phasellus.at@sitametnulla.org,902
Myra,et.magna@facilisiSedneque.org,903
Zeus,diam.vel@sem.ca,904
Tanek,tincidunt@posuerevulputate.org,905
Piper,lobortis.tellus@convallisligula.co.uk,906
Rowan,auctor.non.feugiat@ornareFusce.org,907
Tyrone,ac.mi@penatibusetmagnis.edu,908
Bryar,Duis@risus.ca,909
Coby,bibendum.ullamcorper.Duis@enimSuspendisse.net,910
Vernon,eu@montes.ca,911
Tallulah,elit.Curabitur.sed@utquam.edu,912
Orli,Cras.convallis.convallis@utmolestiein.co.uk,913
Jael,velit@anteiaculis.net,914
Cassidy,nisi.magna.sed@neccursus.edu,915
Uriel,nec@amifringilla.edu,916
Nomlanga,dui@sedsem.co.uk,917
Chava,eget@rhoncusProinnisl.edu,918
Xena,Sed.eu@tortorNunc.ca,919
Maxine,Nullam@pellentesque.net,920
Daquan,pharetra@acrisus.org,921
Hillary,tincidunt.congue.turpis@euaccumsan.com,922
Lars,non.feugiat@ornareFusce.edu,923
Tana,Morbi.quis.urna@ultriciesligulaNullam.edu,924
Chester,varius@dictumplacerataugue.net,925
William,mi.Duis.risus@montesnasceturridiculus.co.uk,926
Whitney,ipsum@MorbivehiculaPellentesque.net,927
Priscilla,ullamcorper.magna.Sed@ipsumprimis.co.uk,928
Lane,interdum@dui.co.uk,929
Brett,ipsum.dolor.sit@Curabitursed.ca,930
Edan,velit.justo@id.net,931
Hope,porttitor.scelerisque.neque@ultricessit.net,932
William,Fusce.diam@netus.org,933
Harriet,senectus@Duis.co.uk,934
Edan,ultrices@egestasurnajusto.ca,935
Eden,per.conubia.nostra@eget.com,936
Igor,libero@dolorquamelementum.ca,937
Iola,purus.ac@elementumsem.net,938
Unity,magna@pharetranibh.net,939
Urielle,ut.ipsum.ac@Maecenas.co.uk,940
Kevin,mollis@quismassaMauris.net,941
Odette,mauris@velitinaliquet.net,942
Blaine,parturient.montes@Fuscemilorem.ca,943
Tanya,tincidunt@est.edu,944
Zachary,dictum@tacitisociosquad.com,945
Drake,odio.a@Aliquamvulputateullamcorper.edu,946
Hamish,sit@velarcu.net,947
Vincent,nisl@molestie.ca,948
Wing,ornare.lectus.ante@faucibusutnulla.net,949
Declan,leo.Morbi@nonlobortis.co.uk,950
Francis,Quisque@In.org,951
Clinton,Aenean@Nulla.com,952
Clark,Phasellus.in@rutrum.edu,953
Roanna,justo.Praesent.luctus@variusNamporttitor.org,954
Hunter,feugiat.Lorem@nonenimMauris.edu,955
Melissa,vitae.nibh@egestasligula.org,956
Christen,quis@augueutlacus.com,957
Dominique,sed.pede@ametconsectetuer.co.uk,958
Roary,varius.Nam@vulputateullamcorpermagna.net,959
Taylor,cubilia.Curae@Pellentesque.co.uk,960
Kenyon,non.dui@sitamet.net,961
Justina,augue.ut@consectetuer.org,962
Fallon,eu@ipsumporta.com,963
Dai,tincidunt.neque@justo.net,964
Rowan,velit.Aliquam@turpis.com,965
Sandra,mollis@pedeblanditcongue.ca,966
Azalia,Quisque@lectusrutrum.edu,967
Signe,elit@Nunc.net,968
Lawrence,ac@eunequepellentesque.com,969
Demetrius,dapibus@aodiosemper.co.uk,970
Kylie,tincidunt.pede@Nuncmauris.co.uk,971
David,Sed@orciquis.edu,972
Charlotte,felis.adipiscing@Loremipsumdolor.org,973
Gabriel,aliquet@laoreetlectusquis.co.uk,974
Emerson,interdum@sapiencursusin.ca,975
Vivian,eu.eros@odioEtiam.edu,976
Bertha,nibh.Quisque.nonummy@iderat.net,977
Ralph,mauris@sapienimperdiet.org,978
Cheryl,sed.pede@NullafacilisiSed.com,979
Amir,a.purus@nequeNullam.co.uk,980
Maggy,vel@ullamcorperDuisat.co.uk,981
Kaitlin,et.lacinia@lobortis.org,982
Dane,pede@Proin.co.uk,983
Cassandra,lacus@cursusaenim.org,984
Maya,sociosqu.ad.litora@Aliquamauctor.edu,985
Mercedes,posuere.at.velit@sitamet.com,986
Felix,sagittis.augue.eu@Curae.edu,987
Kiayada,est.Mauris.eu@dolor.net,988
Aaron,natoque.penatibus@lectus.com,989
Veda,ante@adipiscingMaurismolestie.net,990
Garrett,ipsum@nequesed.net,991
Amery,enim.Sed.nulla@bibendumfermentummetus.net,992
Shea,pellentesque.massa@et.co.uk,993
Wang,nec@fringilla.ca,994
Zeph,sapien@Fusce.org,995
Brock,lobortis@accumsannequeet.com,996
Doris,neque.vitae@Namporttitor.co.uk,997
Kamal,condimentum@Integereulacus.edu,998
Brenden,tempor.lorem@dictum.ca,999
Nyssa,scelerisque.mollis@arcuVestibulumut.co.uk,1000
